{"cameraMode":{"drawMode":0,"name":"Shaded","section":"Shading Mode"},"sceneLighting":true,"audioPlay":false,"sceneViewState":{"m_AlwaysRefresh":false,"showFog":true,"showSkybox":true,"showFlares":true,"showImageEffects":true,"showParticleSystems":true,"showVisualEffectGraphs":true,"m_FxEnabled":true},"in2DMode":false,"pivot":{"x":-19.12984275817871,"y":21.944154739379884,"z":-14.430424690246582},"rotation":{"x":-0.24625210464000703,"y":-0.5864143371582031,"z":0.19317416846752168,"w":-0.7471775412559509},"size":12.944327354431153,"orthographic":false}