{"cameraMode":{"drawMode":0,"name":"Shaded","section":"Shading Mode"},"sceneLighting":false,"audioPlay":false,"sceneViewState":{"m_AlwaysRefresh":false,"showFog":true,"showSkybox":false,"showFlares":true,"showImageEffects":true,"showParticleSystems":true,"showVisualEffectGraphs":true,"m_FxEnabled":true},"in2DMode":false,"pivot":{"x":0.0004032254219055176,"y":0.9227685928344727,"z":-0.05293627828359604},"rotation":{"x":-0.034656308591365817,"y":0.9515898823738098,"z":-0.28224992752075198,"w":-0.11788836121559143},"size":1.357051134109497,"orthographic":false}