{"cameraMode":{"drawMode":0,"name":"Shaded","section":"Shading Mode"},"sceneLighting":true,"audioPlay":false,"sceneViewState":{"m_AlwaysRefresh":false,"showFog":true,"showSkybox":true,"showFlares":true,"showImageEffects":true,"showParticleSystems":true,"showVisualEffectGraphs":true,"m_FxEnabled":true},"in2DMode":false,"pivot":{"x":0.6001278758049011,"y":687.4520263671875,"z":-294.4710998535156},"rotation":{"x":0.5906692147254944,"y":-0.000891246774699539,"z":0.000674419105052948,"w":0.8070495128631592},"size":123.17115020751953,"orthographic":false}