{"cameraMode":{"drawMode":0,"name":"Shaded","section":"Shading Mode"},"sceneLighting":true,"audioPlay":false,"sceneViewState":{"m_AlwaysRefresh":false,"showFog":true,"showSkybox":true,"showFlares":true,"showImageEffects":true,"showParticleSystems":true,"showVisualEffectGraphs":true,"m_FxEnabled":true},"in2DMode":false,"pivot":{"x":0.881404459476471,"y":7.965280055999756,"z":-11.1481294631958},"rotation":{"x":0.29927322268486025,"y":0.07476137578487396,"z":-0.023451760411262513,"w":0.9512195587158203},"size":0.8660253882408142,"orthographic":false}